empOrgId,id,location,FirstName,MiddleInitial,LastName,Gender,EMail,FathersName,MothersName,DateofBirth,AgeinYrs,WeightinKgs,YearofJoining,MonthofJoining,Salary,SSN,PhoneNo,PlaceName,County,City,State
100,201,"shirdi","Sohan","F","vyas","m","lois.walker@hotmail.com","rajesh","rekhs","6/29/1981","35","55","2008","jun","400000","4556564","09090808099","thane","rsa","maxico","ny"
200,202,"dhule","yogesh","A","Ahire","m","lois.walker@hotmail.com","kishor","ujjwala","1/29/1981","30","45","2003","jan","12000","123456","9098888232","dhule","ind","mumbai","mh"
300,203,"nandurbar","deep","B","patil","m","lois.walker@hotmail.com","dharma","asha","2/29/1981","31","45","2004","feb","20000","2345678","8798978323","shirpur","ind","mumbai","mp"
400,204,"shirpur","dinesh","C","patil","m","lois.walker@hotmail.com","raj","usha","3/29/1981","32","66","2005","mar","24000","2123212","880987989","nashik","pak","pune","up"
500,205,"mumbai","ram","D","ubale","m","lois.walker@hotmail.com","kafoor","preeti","4/29/1981","33","70","2006","apr","30000","3453444","9312333122","puna","bangadesh","thane","noida"
600,206,"pune","shyam","E","bheaser","m","lois.walker@hotmail.com","dilip","depti","5/29/1981","34","80","2007","may","35000","436534646","90809809809","mumbai","us","la","us"
700,207,"shirdi@","vikas","F","prajapati","m","lois.walker@hotmail.com","rajesh","rekhs","6/29/1981","35","55","2008","jun","400000","4556564","09090808099","thane","rsa","maxico","ny"
800,208,"dhule","keva","A","phambar","m","lois.walker@hotmail.com","kishor","ujjwala","1/29/1981","30","45","2003","jan","12000","123456","9098888232","dhule","ind","mumbai","mh"
900,209,"nandurbar","ritesh","B","ahire","m","lois.walker@hotmail.com","dharma","asha","2/29/1981","31","45","2004","feb","20000","2345678","8798978323","shirpur","ind","mumbai","mp"
1000,300,"shirdi@","dhrumil","F","oza","m","lois.walker@hotmail.com","rajesh","rekhs","6/29/1981","35","55","2008","jun","400000","4556564","09090808099","thane","rsa","maxico","ny"
1100,301,"dhule","bala","A","patil","m","lois.walker@hotmail.com","kishor","ujjwala","1/29/1981","30","45","2003","jan","12000","123456","9098888232","dhule","ind","mumbai","mh"
1200,302,"nandurbar","pranay","B","karamakar","m","lois.walker@hotmail.com","dharma","asha","2/29/1981","31","45","2004","feb","20000","2345678","8798978323","shirpur","ind","mumbai","mp"
100,611,"fagane","baunti","F","patil","m","lois.walker@hotmail.com","rajesh","rekhs","6/29/1981","35","55","2008","jun","400000","4556564","09090808099","thane","rsa","maxico","ny"
200,202,"dhule","gotu","A","mali","m","lois.walker@hotmail.com","kishor","ujjwala","1/29/1981","30","45","2003","jan","12000","123456","9098888232","dhule","ind","mumbai","mh"
300,890,"kapdne","pintu","B","bhau","m","lois.walker@hotmail.com","dharma","asha","2/29/1981","31","45","2004","feb","20000","2345678","8798978323","shirpur","ind","mumbai","mp"
400,204,"shirpur","dinesh","C","deslale","m","lois.walker@hotmail.com","raj","usha","3/29/1981","32","66","2005","mar","24000","2123212","880987989","nashik","pak","pune","up"
500,620,"mumbai","krishna","D","ubale","m","lois.walker@hotmail.com","kafoor","preeti","4/29/1981","33","70","2006","apr","30000","3453444","9312333122","puna","bangadesh","thane","noida"
600,206,"pune","amol","E","bhamre","m","lois.walker@hotmail.com","dilip","depti","5/29/1981","34","80","2007","may","35000","436534646","90809809809","mumbai","us","la","us"
700,207,"shirdi@","vikas","F","patil","m","lois.walker@hotmail.com","rajesh","rekhs","6/29/1981","35","55","2008","jun","400000","4556564","09090808099","thane","rsa","maxico","ny"
800,840,"dhule","kishor","A","phambar","m","lois.walker@hotmail.com","kishor","ujjwala","1/29/1981","30","45","2003","jan","12000","123456","9098888232","dhule","ind","mumbai","mh"
900,209,"nandurbar","jayesh","B","ahire","m","lois.walker@hotmail.com","dharma","asha","2/29/1981","31","45","2004","feb","20000","2345678","8798978323","shirpur","ind","mumbai","mp"
1000,300,"shirdi@","praful","F","oza","m","lois.walker@hotmail.com","rajesh","rekhs","6/29/1981","35","55","2008","jun","400000","4556564","09090808099","thane","rsa","maxico","ny"
1100,833,"dhule","sandesh","A","patil","m","lois.walker@hotmail.com","kishor","ujjwala","1/29/1981","30","45","2003","jan","12000","123456","9098888232","dhule","ind","mumbai","mh"
1200,630,"nandurbar","vijay","B","deore","m","lois.walker@hotmail.com","dharma","asha","2/29/1981","31","45","2004","feb","20000","2345678","8798978323","shirpur","ind","mumbai","mp"
100,199,"shirdi","pavan","F","mali","m","lois.walker@hotmail.com","rajesh","rekhs","6/29/1981","35","55","2008","jun","400000","4556564","09090808099","thane","rsa","maxico","ny"
200,811,"dhule","gourav","A","mali","m","lois.walker@hotmail.com","kishor","ujjwala","1/29/1981","30","45","2003","jan","12000","123456","9098888232","dhule","ind","mumbai","mh"
300,203,"nandurbar","deep","B","patil","m","lois.walker@hotmail.com","dharma","asha","2/29/1981","31","45","2004","feb","20000","2345678","8798978323","shirpur","ind","mumbai","mp"
400,204,"shirpur","dinesh","C","nandre","m","lois.walker@hotmail.com","raj","usha","3/29/1981","32","66","2005","mar","24000","2123212","880987989","nashik","pak","pune","up"
500,899,"mumbai","ram","D","bhadane","m","lois.walker@hotmail.com","kafoor","preeti","4/29/1981","33","70","2006","apr","30000","3453444","9312333122","puna","bangadesh","thane","noida"
600,800,"pune","shyam","E","bheaser","m","lois.walker@hotmail.com","dilip","depti","5/29/1981","34","80","2007","may","35000","436534646","90809809809","mumbai","us","la","us"
700,633,"shirdi@","vikas","F","ahire","m","lois.walker@hotmail.com","rajesh","rekhs","6/29/1981","35","55","2008","jun","400000","4556564","09090808099","thane","rsa","maxico","ny"
800,806,"dhule","rajat","A","borse","m","lois.walker@hotmail.com","kishor","ujjwala","1/29/1981","30","45","2003","jan","12000","123456","9098888232","dhule","ind","mumbai","mh"
900,803,"nandurbar","mayur","B","krat","m","lois.walker@hotmail.com","dharma","asha","2/29/1981","31","45","2004","feb","20000","2345678","8798978323","shirpur","ind","mumbai","mp"
1000,300,"shirdi@","naman","F","oza","m","lois.walker@hotmail.com","rajesh","rekhs","6/29/1981","35","55","2008","jun","400000","4556564","09090808099","thane","rsa","maxico","ny"
1100,804,"dhule","bala","A","patil","m","lois.walker@hotmail.com","kishor","ujjwala","1/29/1981","30","45","2003","jan","12000","123456","9098888232","dhule","ind","mumbai","mh"
1200,805,"nandurbar","pranay","B","deore","m","lois.walker@hotmail.com","dharma","asha","2/29/1981","31","45","2004","feb","20000","2345678","8798978323","shirpur","ind","mumbai","mp"
